buckets,grid_stdev,rand_stdev
5-10,2.7461087,2.7470081
10-15,2.04497895,0.42505936
15-20,0.0389014,0.05952761
20-25,0.05674953,0.35894292
25-30,0.02341962,1.86800946
30-35,0.02213305,0.05283787
35-40,0.0161762,0.02390811
40-45,0.02281152,0.01364162
45-50,0.24525657,0.01716328
50-55,0.00648116,0.01155637
55-60,0.20595567,0.01350429
>60,0.1846664,1.58662454