mutsize,comb_error
0.2,4.007973905
0.4,3.757270408
0.6,2.488273224
0.8,2.594771023
1,1.435245616
1.2,2.11569718
1.4,5.484306571
1.6,7.291421116
1.8,10.42519405
2,12.92812677
2.2,18.29597898